location, x, y
WP06, 1.57094123, -0.82453443
WP02, -2.59706418,  0.85309413
WP07, 2.55363984,  1.60674265
WP05, 0.21724905,  0.35491408
WP10, 1.80235826,  1.02759203
WP01, -2.35309293,  1.88419082
WS04, -1.20802404, -0.94873679
WP09, 1.87813833,  0.16473982
WP03, -2.60275279, -0.51507387
WP08, 0.38802294,  1.28307072
ORIGIN, 0.0044615, -0.00686837
